{
  "total_runs": 270,
  "success_rate_overall": 0.362962962962963,
  "param_grid_success": {
    "20_20": 0.2777777777777778,
    "20_50": 0.3333333333333333,
    "20_100": 0.3333333333333333,
    "50_20": 0.3333333333333333,
    "50_50": 0.3333333333333333,
    "50_100": 0.3888888888888889,
    "100_20": 0.3888888888888889,
    "100_50": 0.3333333333333333,
    "100_100": 0.3888888888888889,
    "150_20": 0.3888888888888889,
    "150_50": 0.3333333333333333,
    "150_100": 0.4444444444444444,
    "300_20": 0.3888888888888889,
    "300_50": 0.3333333333333333,
    "300_100": 0.4444444444444444
  },
  "success_vs_secret_length": {
    "4": 0.9888888888888889,
    "8": 0.1,
    "12": 0.0
  },
  "traj_index_mean_if_found": 11.316326530612244,
  "steps_to_failure_mean_if_found": 24.76530612244898,
  "min_gap_at_failure_mean": 0.1043902370260983,
  "boxes_max_seen_mean": 3.4
}